{
  "train_loss": [
    4.3731120577439055,
    3.7308757210187875,
    3.212675123766122,
    2.8066619273142783,
    2.48679711738305,
    2.221895586826543,
    2.0319652461741247,
    1.8781499569436009,
    1.748399785712014,
    1.6284881104411892
  ],
  "train_acc": [
    3.9405940594059405,
    13.458274398868458,
    23.22772277227723,
    31.73125884016973,
    38.785007072135784,
    44.11173974540311,
    48.633663366336634,
    52.2036775106082,
    54.995756718528995,
    57.64639321074964
  ],
  "val_loss": [
    3.9314060193558302,
    3.225189356516885,
    2.804320803413673,
    2.3663364939604037,
    2.1020031004294424,
    1.9113938455974413,
    1.8257428242135576,
    1.7313511939650479,
    1.6963407940446638,
    1.6717662356848952
  ],
  "val_acc": [
    9.722772277227723,
    22.528052805280527,
    31.366336633663366,
    42.05940594059406,
    47.399339933993396,
    51.96699669966997,
    54.772277227722775,
    56.65346534653465,
    58.34983498349835,
    58.9042904290429
  ]
}